wallet,target_slug,target_buy_usdc,target_pnl,target_roi,history_match_count,hist_mean_buy_usdc,hist_median_buy_usdc,hist_std_buy_usdc,hist_min_buy_usdc,hist_max_buy_usdc,ratio_vs_mean,ratio_vs_median,ratio_vs_hist_max,zscore,target_trade_count,target_first_time,target_last_time,history_slugs
0x04b1e3aff4fed7a6868757761db7486ddb6cd224,lol-wb-tes-2026-03-02,22026.0262,3560.782721,0.161663,5,257.24916,160.0,211.252163,1.25,580.0,85.621373,137.662664,37.975907,103.04641,158,2026-03-02 20:55:37,2026-03-02 21:33:55,lol-tes-al-2026-01-24|lol-tes-blg-2026-01-18|lol-tes-wb-2026-01-19|lol-tes-we-2026-02-28|lol-wb-tes-2026-01-27
0x5bc1f038c4cd8344bc97f542bf90b9babb5d9932,lol-wb-tes-2026-03-02,9505.691894,7117.406313,0.748752,4,85.0911,82.314999,36.100495,40.0,135.7344,111.711941,115.479462,70.031561,260.954889,94,2026-03-02 18:19:45,2026-03-02 21:24:13,lol-al-tes-2026-02-01|lol-tes-al-2026-01-24|lol-tes-wb-2026-01-19|lol-wb-tes-2026-01-27
0x93bc1f104bc72c9141fc41c2acb2265f54a28ca3,lol-wb-tes-2026-03-02,21768.302125,4301.062227,0.197584,5,787.877173,197.929484,961.227386,0.335629,2459.969497,27.629055,109.980088,8.849013,21.826703,154,2026-03-02 13:37:31,2026-03-02 20:55:35,lol-al-tes-2026-02-01|lol-tes-al-2026-01-24|lol-tes-jdg-2026-01-14|lol-tes-wb-2026-01-19|lol-tes-we-2026-02-28
0x6c3dc42ff18ca457e4b3a6d4bffccd3363075d2f,lol-wb-tes-2026-03-02,1118.728794,300.000872,0.268162,2,11.250796,11.250796,0.555601,10.695195,11.806397,99.435524,99.435524,94.756156,1993.297345,23,2026-03-01 22:22:17,2026-03-02 21:28:59,lol-tes-we-2026-02-10|lol-wb-tes-2026-01-27
0x4a141aada02119aa0231e50fa8804ea65456045c,lol-wb-tes-2026-03-02,5891.976421,1994.259169,0.33847,4,1155.312374,67.811599,1911.84357,19.2,4466.426296,5.099899,86.887442,1.31917,2.477537,36,2026-03-02 07:45:49,2026-03-02 21:00:11,lol-tes-al-2026-01-24|lol-tes-jdg-2026-01-14|lol-tes-we-2026-02-28|lol-wb-tes-2026-01-27
0xf360e2e2e385fadb6238fa686a3de231b3ca6726,lol-wb-tes-2026-03-02,714.059998,209.974386,0.294057,2,8.5,8.5,3.5,5.0,12.0,84.007059,84.007059,59.505,201.588571,9,2026-03-02 17:41:27,2026-03-02 20:06:45,lol-tes-al-2026-01-24|lol-tes-wb-2026-01-19
0xe2e10f790c159bfbd5d74ba0d38fcc19dcf8c20a,lol-wb-tes-2026-03-02,2215.7195,-285.0406,-0.128645,3,117.826398,27.0392,139.568153,11.44,314.999994,18.80495,81.944714,7.03403,15.031317,188,2026-03-02 13:12:39,2026-03-02 21:26:27,lol-al-tes-2026-02-01|lol-tes-we-2026-02-28|lol-wb-tes-2026-01-27
0xad72ffe37df00548959c2f86f0333e7c958e4f5e,lol-wb-tes-2026-03-02,1400.0,854.462,0.61033,2,20.082,20.082,11.632,8.45,31.714,69.714172,69.714172,44.144542,118.63119,16,2026-03-02 21:16:47,2026-03-02 21:24:03,lol-tes-al-2026-01-24|lol-wb-tes-2026-01-27
0xee0e6d442076391dc6b0093296f1900cf41138bb,lol-wb-tes-2026-03-02,718.8538,-571.2052,-0.794606,6,244.092792,10.879198,475.53027,0.0988,1301.699558,2.945002,66.075989,0.552242,0.998382,5,2026-03-02 20:58:09,2026-03-02 20:58:09,lol-tes-al-2026-01-24|lol-tes-blg-2026-01-18|lol-tes-jdg-2026-01-14|lol-tes-wb-2026-01-19|lol-tes-we-2026-02-10|lol-wb-tes-2026-01-27
0x27753c9c8dcdec6f35e30c3dc64fcd0797d93652,lol-wb-tes-2026-03-02,15581.767589,18812.326141,1.207329,3,419.128159,276.186281,221.180886,249.648499,731.549697,37.176618,56.417602,21.299671,68.553118,92,2026-03-02 19:10:47,2026-03-02 22:16:37,lol-al-tes-2026-02-01|lol-tes-we-2026-02-10|lol-tes-we-2026-02-28
0xd50fd0df41896fe99bb804c50acb74cc0a592b9a,lol-wb-tes-2026-03-02,2300.0,-2300.0,-1.0,2,41.299782,41.299782,38.699973,2.599809,79.999756,55.690366,55.690366,28.750088,58.364387,1,2026-03-02 15:08:17,2026-03-02 15:08:17,lol-tes-al-2026-01-24|lol-tes-we-2026-02-10
0xd857498ba60ab87e9d5fd036483eaa07681dc092,lol-wb-tes-2026-03-02,5524.736698,2124.167974,0.384483,2,119.999999,119.999999,119.0,0.999999,238.999998,46.039473,46.039473,23.116053,45.417956,65,2026-02-28 23:53:59,2026-03-02 19:59:11,lol-al-tes-2026-02-01|lol-wb-tes-2026-01-27
0x404c869254bb075026408ba8f7980031f574780a,lol-wb-tes-2026-03-02,64.79999,-0.83911,-0.012949,2,1.499999,1.499999,0.499999,0.999999,1.999998,43.200037,43.200037,32.400027,126.60011,10,2026-03-02 18:26:35,2026-03-02 21:26:03,lol-al-tes-2026-02-01|lol-tes-we-2026-02-10
0x6ac5bb06a9eb05641fd5e82640268b92f3ab4b6e,lol-wb-tes-2026-03-02,8555.038218,-3437.008218,-0.401753,5,396.178589,210.92,337.241524,51.21,876.637905,21.593893,40.560583,9.758919,24.192927,19,2026-03-01 00:12:31,2026-03-02 16:59:31,lol-tes-al-2026-01-24|lol-tes-blg-2026-01-18|lol-tes-jdg-2026-01-14|lol-tes-wb-2026-01-19|lol-tes-we-2026-02-28
0xbf982860a233f6932be6a82efd13e3a2f37fd0bf,lol-wb-tes-2026-03-02,257.903996,277.426541,1.075697,3,12.419964,7.0499,8.347822,5.999998,24.209995,20.765277,36.582646,10.65279,29.406957,14,2026-03-02 17:33:43,2026-03-02 21:41:51,lol-al-tes-2026-02-01|lol-tes-blg-2026-01-18|lol-wb-tes-2026-01-27
0xd218e474776403a330142299f7796e8ba32eb5c9,lol-wb-tes-2026-03-02,5002.668497,-1590.068011,-0.317844,4,1980.759491,150.080735,3219.469353,66.399105,7556.477391,2.525631,33.333182,0.662037,0.938636,76,2026-03-02 17:22:25,2026-03-02 21:27:07,lol-al-tes-2026-02-01|lol-tes-jdg-2026-01-14|lol-tes-we-2026-02-10|lol-tes-we-2026-02-28
0xa4697a5b38a3da3d7bb70f13eedfa5611bf10782,lol-wb-tes-2026-03-02,5591.822196,5918.783604,1.058471,2,185.448966,185.448966,44.548817,140.900149,229.997784,30.15289,30.15289,24.312505,121.3584,18,2026-03-02 20:59:13,2026-03-02 21:26:37,lol-tes-wb-2026-01-19|lol-wb-tes-2026-01-27
0x87256d0406f876184a66cc158415903bb242eb10,lol-wb-tes-2026-03-02,1378.53,2204.43,1.599116,4,164.473986,45.87,221.748378,19.28,546.875946,8.381447,30.052976,2.520736,5.474926,3,2026-03-02 13:53:27,2026-03-02 15:01:17,lol-tes-al-2026-01-24|lol-tes-we-2026-02-10|lol-tes-we-2026-02-28|lol-wb-tes-2026-01-27
0xf45992cc7edf5387604cd0c04dfaf715baf17a53,lol-wb-tes-2026-03-02,3477.719496,216.961182,0.062386,2,118.479998,118.479998,98.479999,19.999999,216.959996,29.352799,29.352799,16.029312,34.110881,27,2026-03-02 21:16:51,2026-03-02 21:24:59,lol-tes-wb-2026-01-19|lol-wb-tes-2026-01-27
0x344be5d62f3dc2f412395ebbd45ac89f8bf0f7fc,lol-wb-tes-2026-03-02,1793.6468,-239.1068,-0.133308,3,556.507333,63.07,721.314705,30.03,1576.422,3.223043,28.438985,1.137796,1.715117,157,2026-03-02 13:12:57,2026-03-02 21:26:27,lol-tes-wb-2026-01-19|lol-tes-we-2026-02-28|lol-wb-tes-2026-01-27
0x82a0d4f35d63474c827216f7281d22c7cf0214b3,lol-wb-tes-2026-03-02,1874.407839,-1608.669535,-0.858228,3,67.265279,70.295836,50.464183,4.0,127.5,27.865905,26.664564,14.701238,35.810399,20,2026-03-02 10:55:13,2026-03-02 20:26:11,lol-al-tes-2026-02-01|lol-tes-we-2026-02-28|lol-wb-tes-2026-01-27
0x383d49468784965cfd51dd79b39d46ef966387ea,lol-wb-tes-2026-03-02,69.199988,-37.465296,-0.541406,3,17.506663,2.999998,21.58487,1.499999,48.019991,3.95278,23.066678,1.441066,2.394887,20,2026-03-01 08:48:07,2026-03-02 21:18:21,lol-tes-al-2026-01-24|lol-tes-we-2026-02-28|lol-wb-tes-2026-01-27
0x14de3cb526412d0eedb8156a03f065b4bdca489c,lol-wb-tes-2026-03-02,22.999992,14.447519,0.628153,4,3.677498,0.999999,4.637564,0.999998,11.709995,6.25425,23.000015,1.964133,4.166518,12,2026-03-02 18:04:43,2026-03-02 19:46:47,lol-tes-al-2026-01-24|lol-tes-wb-2026-01-19|lol-tes-we-2026-02-10|lol-tes-we-2026-02-28
0x507e52ef684ca2dd91f90a9d26d149dd3288beae,lol-wb-tes-2026-03-02,29045.117792,12327.312965,0.424419,5,2181.795225,1286.050355,1766.110477,169.2252,4753.625234,13.312486,22.584744,6.110098,15.210443,201,2026-03-02 17:12:41,2026-03-02 21:17:53,lol-tes-al-2026-01-24|lol-tes-jdg-2026-01-14|lol-tes-wb-2026-01-19|lol-tes-we-2026-02-28|lol-wb-tes-2026-01-27
0x2ecb34e1cb95b3c8d9d3e2905668d3eee03a7645,lol-wb-tes-2026-03-02,1758.453524,229.377827,0.130443,7,431.890815,86.293444,878.892473,38.384366,2583.929595,4.071523,20.377603,0.680535,1.509357,117,2026-03-02 17:17:19,2026-03-02 21:27:11,lol-al-tes-2026-02-01|lol-tes-blg-2026-01-18|lol-tes-jdg-2026-01-14|lol-tes-wb-2026-01-19|lol-tes-we-2026-02-10|lol-tes-we-2026-02-28|lol-wb-tes-2026-01-27
0xee8f9633a50da8d944555ec46fc007d7097074b5,lol-wb-tes-2026-03-02,3480.595298,2531.289014,0.727257,2,181.564998,181.564998,28.205,153.359997,209.769998,19.169969,19.169969,16.592436,116.966149,16,2026-03-02 17:18:55,2026-03-02 17:18:55,lol-tes-blg-2026-01-18|lol-tes-wb-2026-01-19
0xcad2c784f4f6d3498e7673270e6219c196f1c9e4,lol-wb-tes-2026-03-02,656.539998,768.840124,1.171048,2,34.5,34.5,33.5,1.0,68.0,19.030145,19.030145,9.655,18.568358,21,2026-03-02 19:13:53,2026-03-02 21:04:29,lol-tes-blg-2026-01-18|lol-tes-wb-2026-01-19
0x3212a515f3a02546830a6fb41f01470ccfff634e,lol-wb-tes-2026-03-02,14789.203767,284.128811,0.019212,5,3645.518645,809.986347,4033.392036,284.998639,10638.994396,4.056817,18.258584,1.390094,2.762857,268,2026-03-01 22:42:03,2026-03-02 20:44:27,lol-al-tes-2026-02-01|lol-tes-al-2026-01-24|lol-tes-we-2026-02-10|lol-tes-we-2026-02-28|lol-wb-tes-2026-01-27
0x5d1e91df8c2814b0784ab6e877b3732d507bd5df,lol-wb-tes-2026-03-02,2137.617221,632.181361,0.295741,5,761.527859,124.412,1181.501651,19.999999,3098.267294,2.807011,17.181761,0.68994,1.164695,123,2026-03-02 17:14:01,2026-03-02 20:57:11,lol-al-tes-2026-02-01|lol-tes-al-2026-01-24|lol-tes-wb-2026-01-19|lol-tes-we-2026-02-10|lol-wb-tes-2026-01-27
0x1a870b36d507ccbfe8376573e1c9659607d820f1,lol-wb-tes-2026-03-02,126.002498,136.208573,1.080999,2,7.509999,7.509999,2.49,5.019999,9.999999,16.777965,16.777965,12.600251,47.587349,9,2026-03-02 16:24:09,2026-03-02 21:12:37,lol-tes-we-2026-02-10|lol-wb-tes-2026-01-27
0x9ce00d5693d2e131f82ea326993216d0f054830e,lol-wb-tes-2026-03-02,331.950497,-108.055846,-0.325518,5,36.241996,20.0,38.833465,4.999995,112.86,9.159278,16.597525,2.941259,7.614785,7,2026-03-02 20:08:53,2026-03-02 20:55:59,lol-tes-al-2026-01-24|lol-tes-jdg-2026-01-14|lol-tes-wb-2026-01-19|lol-tes-we-2026-02-10|lol-tes-we-2026-02-28
0x2b784052dc95478e56cf29c48d1351cd99ad673a,lol-wb-tes-2026-03-02,55.259999,202.839451,3.670638,4,4.628462,3.529999,3.038434,1.999996,9.453857,11.93917,15.654397,5.845233,16.663696,7,2026-03-01 20:40:07,2026-03-02 23:12:25,lol-tes-blg-2026-01-18|lol-tes-jdg-2026-01-14|lol-tes-wb-2026-01-19|lol-wb-tes-2026-01-27
0x72998bd245d8100be04056f70ae8ef7dd96731f3,lol-wb-tes-2026-03-02,198.041992,163.636364,0.826271,3,11.915765,12.845997,5.307848,4.999999,17.901298,16.620166,15.416631,11.062996,35.066231,6,2026-03-02 20:31:33,2026-03-02 20:35:31,lol-tes-wb-2026-01-19|lol-tes-we-2026-02-10|lol-tes-we-2026-02-28
0xe7484a257a6470db6721d6abb0ad61ed7f26bc49,lol-wb-tes-2026-03-02,26.5,17.602,0.664226,2,1.7225,1.7225,0.5725,1.15,2.295,15.384615,15.384615,11.546841,43.279476,24,2026-03-01 10:25:59,2026-03-02 13:38:19,lol-tes-we-2026-02-10|lol-tes-we-2026-02-28
0x469f8560d47c8eaaaec3d003e7a1fac2bd0e3d4f,lol-wb-tes-2026-03-02,5493.273281,2918.780028,0.531337,2,366.161999,366.161999,166.161999,200.0,532.323998,15.002303,15.002303,10.319417,30.8561,142,2026-03-02 18:29:37,2026-03-02 21:08:25,lol-al-tes-2026-02-01|lol-tes-we-2026-02-28
0xa06f5b95a5d3679668731a4a97a6f9ce35f78a34,lol-wb-tes-2026-03-02,58.431195,43.202077,0.739367,3,4.559431,3.899998,3.048054,1.199999,8.578295,12.815459,14.982365,6.811516,17.674149,26,2026-03-02 18:02:35,2026-03-02 21:29:55,lol-tes-al-2026-01-24|lol-tes-we-2026-02-28|lol-wb-tes-2026-01-27
0x8abe6de7c28012f00d7b5c7dcf7e42feb2d261de,lol-wb-tes-2026-03-02,374.0714,144.946,0.387482,4,34.999999,24.999999,26.925824,9.999999,79.999999,10.687755,14.962857,4.675893,12.592796,12,2026-03-02 18:18:53,2026-03-02 21:10:55,lol-al-tes-2026-02-01|lol-tes-al-2026-01-24|lol-tes-wb-2026-01-19|lol-tes-we-2026-02-28
0x6c0e2fb7aedacce1ab582ac6d4f78f4bd8d935f8,lol-wb-tes-2026-03-02,1351.579488,-1253.479488,-0.927418,4,218.030675,91.871195,262.131582,20.24,668.140309,6.199034,14.711679,2.022898,4.32435,10,2026-03-02 15:24:59,2026-03-02 20:35:33,lol-al-tes-2026-02-01|lol-tes-al-2026-01-24|lol-tes-we-2026-02-10|lol-tes-we-2026-02-28
0x5747b2606c9568f7f903411523ef75e92b1c7fdf,lol-wb-tes-2026-03-02,144.316495,43.148074,0.298982,5,16.526199,9.999999,8.935387,9.999999,32.630998,8.732589,14.431651,4.422681,14.301596,18,2026-03-02 16:57:47,2026-03-02 21:15:53,lol-tes-al-2026-01-24|lol-tes-jdg-2026-01-14|lol-tes-wb-2026-01-19|lol-tes-we-2026-02-10|lol-wb-tes-2026-01-27
0xe26bba209f717fade5fcaae61a088e145fe9a9ec,lol-wb-tes-2026-03-02,131.493599,197.540443,1.502282,8,11.619612,9.189999,11.308443,1.359999,39.194499,11.316523,14.308337,3.354899,10.600397,9,2026-03-02 14:34:09,2026-03-02 21:14:05,lol-al-tes-2026-02-01|lol-tes-al-2026-01-24|lol-tes-blg-2026-01-18|lol-tes-jdg-2026-01-14|lol-tes-wb-2026-01-19|lol-tes-we-2026-02-10|lol-tes-we-2026-02-28|lol-wb-tes-2026-01-27
0xeffd76b6a4318d50c6f71a16b276c5b279445a86,lol-wb-tes-2026-03-02,4062.557568,2872.558298,0.707081,4,302.924193,291.859649,138.154154,147.998061,479.979411,13.411136,13.919559,8.464025,27.213321,17,2026-03-01 20:56:51,2026-03-02 21:07:11,lol-tes-al-2026-01-24|lol-tes-jdg-2026-01-14|lol-tes-wb-2026-01-19|lol-tes-we-2026-02-10
0xe2525f303c5ed81b99702da4a9625a248c222071,lol-wb-tes-2026-03-02,222.993722,98.396898,0.441254,2,16.6248,16.6248,13.9248,2.7,30.5496,13.413318,13.413318,7.299399,14.820243,13,2026-03-02 16:43:05,2026-03-02 21:10:55,lol-tes-al-2026-01-24|lol-tes-we-2026-02-10
0x9318458e66ec71f067b8bc09583b28d4ab3da645,lol-wb-tes-2026-03-02,264.058371,-102.930636,-0.389803,3,62.833997,20.0,60.576423,19.999994,148.501996,4.202476,13.202919,1.778147,3.321827,8,2026-03-02 21:12:25,2026-03-02 21:17:37,lol-tes-al-2026-01-24|lol-tes-jdg-2026-01-14|lol-wb-tes-2026-01-27
0x216c4c3b095c7b02d19f631e25d4fb5c26655a7f,lol-wb-tes-2026-03-02,24.999981,5.409118,0.216365,3,3.302719,2.018158,1.829499,1.999998,5.89,7.569516,12.387524,4.244479,11.859673,10,2026-03-02 18:40:21,2026-03-02 21:11:57,lol-al-tes-2026-02-01|lol-tes-al-2026-01-24|lol-tes-we-2026-02-10
0x73a293addda20e656e6bcba70052308aa8b73b68,lol-wb-tes-2026-03-02,254.914212,29.097398,0.114146,6,58.029864,21.744706,85.515592,12.0,248.999774,4.392811,11.723047,1.023753,2.302321,31,2026-03-02 15:30:13,2026-03-02 21:21:21,lol-al-tes-2026-02-01|lol-tes-al-2026-01-24|lol-tes-wb-2026-01-19|lol-tes-we-2026-02-10|lol-tes-we-2026-02-28|lol-wb-tes-2026-01-27
0x00cefdf8f1902d360230b2a5c85e72f7016c3f01,lol-wb-tes-2026-03-02,3632.042696,5320.373091,1.464843,4,542.657082,334.229399,537.106223,52.332799,1449.83673,6.693072,10.866916,2.505139,5.751908,79,2026-03-02 16:56:11,2026-03-02 23:20:21,lol-tes-al-2026-01-24|lol-tes-wb-2026-01-19|lol-tes-we-2026-02-10|lol-wb-tes-2026-01-27
0xafd492974cd531aae7786210438ae46b42047e61,lol-wb-tes-2026-03-02,15746.493864,11289.928186,0.71698,4,1484.691446,1463.096511,494.242585,808.628547,2203.944212,10.605903,10.762444,7.144688,28.855875,68,2026-03-02 20:53:45,2026-03-02 21:12:23,lol-tes-al-2026-01-24|lol-tes-wb-2026-01-19|lol-tes-we-2026-02-10|lol-wb-tes-2026-01-27
0x8e043a29c69bf5deaf63c3027a96ccabe6f371d2,lol-wb-tes-2026-03-02,83.9007,15.6882,0.186985,2,7.835,7.835,4.535,3.3,12.37,10.708449,10.708449,6.782595,16.773032,32,2026-03-02 17:37:09,2026-03-02 21:26:05,lol-tes-we-2026-02-10|lol-wb-tes-2026-01-27
0x1c8f4b29484de7669750ed113e2e239ea065de8a,lol-wb-tes-2026-03-02,117.9932,-88.4936,-0.749989,4,27.824958,11.45,32.193298,5.0015,83.398333,4.240553,10.305083,1.414815,2.800839,5,2026-03-02 18:34:09,2026-03-02 20:56:19,lol-tes-al-2026-01-24|lol-tes-wb-2026-01-19|lol-tes-we-2026-02-10|lol-wb-tes-2026-01-27
0x1b44945f8992fcea2b43034557e47d11827fd8de,lol-wb-tes-2026-03-02,1225.301476,135.17665,0.110321,6,159.393266,120.492692,177.116091,0.42,530.562,7.687285,10.169094,2.309441,6.018133,76,2026-03-02 17:17:23,2026-03-02 21:27:09,lol-tes-al-2026-01-24|lol-tes-jdg-2026-01-14|lol-tes-wb-2026-01-19|lol-tes-we-2026-02-10|lol-tes-we-2026-02-28|lol-wb-tes-2026-01-27
0x39fdddb0a290c2b6aca3fa70bfca0cd4e0945a3f,lol-wb-tes-2026-03-02,11431.591415,-2325.212517,-0.203402,4,1663.887778,1205.935595,1639.861744,110.4012,4133.278722,6.87041,9.479438,2.765744,5.956419,84,2026-03-02 13:47:13,2026-03-02 20:52:49,lol-al-tes-2026-02-01|lol-tes-jdg-2026-01-14|lol-tes-wb-2026-01-19|lol-tes-we-2026-02-10
0xd9be57136d7c2b6b2ccdd6d0f68d6cb525427517,lol-wb-tes-2026-03-02,296.4,93.6,0.315789,2,31.425,31.425,16.625,14.8,48.05,9.431981,9.431981,6.168574,15.938346,1,2026-03-02 19:40:05,2026-03-02 19:40:05,lol-tes-we-2026-02-10|lol-tes-we-2026-02-28
0x5f0bacf42bbf3c339d324756acdabb7f5b3150cd,lol-wb-tes-2026-03-02,2801.078797,1399.396915,0.499592,3,334.383332,299.999998,204.290057,103.149998,600.0,8.376849,9.336929,4.668465,12.074476,31,2026-03-02 18:10:07,2026-03-02 21:18:07,lol-al-tes-2026-02-01|lol-tes-we-2026-02-10|lol-tes-we-2026-02-28
0x40471b34671887546013ceb58740625c2efe7293,lol-wb-tes-2026-03-02,20452.079211,-6053.777326,-0.295998,5,6406.636595,2208.6443,9541.462282,264.601679,25388.106994,3.192327,9.260015,0.805577,1.472043,81,2026-03-02 12:26:17,2026-03-02 18:43:37,lol-tes-al-2026-01-24|lol-tes-blg-2026-01-18|lol-tes-jdg-2026-01-14|lol-tes-we-2026-02-28|lol-wb-tes-2026-01-27
0x7cba805891ed266dac65dc7ac158b150f9b93ec4,lol-wb-tes-2026-03-02,1583.513096,459.578325,0.290227,2,174.999999,174.999999,125.0,49.999999,299.999998,9.048646,9.048646,5.278377,11.268105,15,2026-03-02 12:27:49,2026-03-02 20:34:25,lol-tes-we-2026-02-10|lol-wb-tes-2026-01-27
0xcb5b700d9cb8d1e0e8f2975f363583183c10f243,lol-wb-tes-2026-03-02,9041.459885,-583.35587,-0.06452,3,880.345097,1018.600107,657.216475,15.25,1607.185184,10.270359,8.876359,5.625649,12.417697,183,2026-03-02 17:12:45,2026-03-02 21:26:11,lol-al-tes-2026-02-01|lol-tes-we-2026-02-10|lol-tes-we-2026-02-28
0xebff466d6070548b13a432d7583e9fa5bce870e5,lol-wb-tes-2026-03-02,3011.868475,942.352463,0.31288,7,1073.015123,350.105032,1162.926329,13.64859,3164.002264,2.806921,8.602757,0.951917,1.667219,92,2026-03-02 17:17:57,2026-03-02 20:58:25,lol-al-tes-2026-02-01|lol-tes-al-2026-01-24|lol-tes-blg-2026-01-18|lol-tes-wb-2026-01-19|lol-tes-we-2026-02-10|lol-tes-we-2026-02-28|lol-wb-tes-2026-01-27
0xaeb2e1b6f564cc6faee83276a029771683ae58c1,lol-wb-tes-2026-03-02,46.079999,85.070768,1.846154,3,16.713332,5.52,16.470257,4.62,39.999997,2.75708,8.347826,1.152,1.783012,2,2026-03-01 12:45:17,2026-03-01 12:45:17,lol-tes-blg-2026-01-18|lol-tes-wb-2026-01-19|lol-wb-tes-2026-01-27
0xec41bea5cba6366ec364ded806e24ee1a3e91134,lol-wb-tes-2026-03-02,803.402417,2.685599,0.003343,3,124.272433,96.997499,47.519317,84.7198,191.1,6.464848,8.282713,4.204094,14.291661,29,2026-03-02 19:11:49,2026-03-02 21:20:39,lol-al-tes-2026-02-01|lol-tes-jdg-2026-01-14|lol-tes-we-2026-02-10
0x83aff046e16309ef06ae86253a5adf13ea0b4084,lol-wb-tes-2026-03-02,738.474132,353.127268,0.478185,3,95.163333,95.4,1.824396,92.82,97.27,7.76007,7.740819,7.592003,352.615692,20,2026-03-02 20:55:57,2026-03-02 21:27:01,lol-al-tes-2026-02-01|lol-tes-jdg-2026-01-14|lol-wb-tes-2026-01-27
0x7c0f7550296c340c7a8f57d3e9954c9dda3bfe01,lol-wb-tes-2026-03-02,1934.141295,1061.723157,0.548938,2,250.465398,250.465398,8.1546,242.310799,258.619998,7.72219,7.72219,7.4787,206.469477,14,2026-03-02 20:56:17,2026-03-03 00:03:47,lol-tes-al-2026-01-24|lol-wb-tes-2026-01-27
0x4dae83ead680233f2147e2bcac84f65eee4918b4,lol-wb-tes-2026-03-02,304.845192,142.903917,0.468775,6,231.060331,39.999998,441.078836,9.999999,1216.361993,1.319332,7.62113,0.25062,0.167283,24,2026-03-02 17:36:45,2026-03-02 21:25:55,lol-tes-al-2026-01-24|lol-tes-blg-2026-01-18|lol-tes-jdg-2026-01-14|lol-tes-wb-2026-01-19|lol-tes-we-2026-02-28|lol-wb-tes-2026-01-27
0xd43fb4a122de3bf97fbea546e772c34542a10bb0,lol-wb-tes-2026-03-02,517.0003,567.7409,1.098144,3,135.635403,69.0346,98.507478,62.96961,274.902,3.811691,7.489003,1.880671,3.871431,15,2026-03-02 18:17:49,2026-03-02 21:27:37,lol-al-tes-2026-02-01|lol-tes-we-2026-02-10|lol-tes-we-2026-02-28
0x3ac8bebbb0befcb46da69cfa6b75347e0d7245c4,lol-wb-tes-2026-03-02,306.499998,245.200126,0.8,3,73.196664,40.999997,62.239655,18.349998,160.239997,4.187349,7.47561,1.912756,3.748468,4,2026-03-02 17:07:17,2026-03-02 21:30:15,lol-tes-al-2026-01-24|lol-tes-we-2026-02-10|lol-wb-tes-2026-01-27
0x0969cfeb1e094a041c768b204a33dc54632ab289,lol-wb-tes-2026-03-02,858.552307,864.889999,1.007382,2,114.935289,114.935289,20.542124,94.393165,135.477412,7.469876,7.469876,6.337236,36.199618,5,2026-03-02 20:55:21,2026-03-02 20:58:29,lol-tes-blg-2026-01-18|lol-tes-we-2026-02-10
0x344755948f8ee3af6c87f823f6295279910195d0,lol-wb-tes-2026-03-02,87.139598,52.055953,0.597386,2,11.989999,11.989999,3.99,7.999999,15.979998,7.26769,7.26769,5.453042,18.834488,16,2026-03-02 18:13:57,2026-03-02 21:10:29,lol-al-tes-2026-02-01|lol-tes-we-2026-02-28
0xc297d9fa09dac67e551cda375eb50f8d831bb0d2,lol-wb-tes-2026-03-02,25.999998,-25.999998,-1.0,3,25.483326,3.579986,31.479374,2.869996,69.999996,1.020275,7.262598,0.371429,0.016413,2,2026-03-02 20:44:31,2026-03-02 20:44:31,lol-tes-we-2026-02-10|lol-tes-we-2026-02-28|lol-wb-tes-2026-01-27
0x0b995942654384f88d678b3f40db03d0d27fadb9,lol-wb-tes-2026-03-02,63.8989,-48.17,-0.753847,3,18.066592,9.0,14.114196,7.199775,38.0,3.536854,7.099878,1.68155,3.247249,8,2026-03-02 11:42:51,2026-03-02 18:39:51,lol-tes-we-2026-02-10|lol-tes-we-2026-02-28|lol-wb-tes-2026-01-27
0x0619dafd91786867631d0546917aa35c244ed801,lol-wb-tes-2026-03-02,687.999408,-159.999408,-0.232557,4,183.669159,97.741107,204.939238,13.822,525.37242,3.745862,7.038998,1.309546,2.460877,8,2026-03-02 20:55:53,2026-03-02 21:11:43,lol-al-tes-2026-02-01|lol-tes-al-2026-01-24|lol-tes-wb-2026-01-19|lol-tes-we-2026-02-10
0xf588b19afe63e1aba00f125f91e3e3b0fdc62b81,lol-wb-tes-2026-03-02,23914.827563,8162.777973,0.341327,2,3415.818083,3415.818083,1064.612309,2351.205774,4480.430393,7.001201,7.001201,5.337618,19.254906,225,2026-03-02 20:18:35,2026-03-02 21:17:53,lol-tes-we-2026-02-10|lol-tes-we-2026-02-28
0x13c73c66440e48f6b265b34342e8ce02f0b711d9,lol-wb-tes-2026-03-02,2220.063597,1346.802003,0.60665,2,317.5,317.5,18.5,299.0,336.0,6.992326,6.992326,6.607332,102.841276,29,2026-03-02 19:02:51,2026-03-02 20:54:17,lol-tes-we-2026-02-10|lol-wb-tes-2026-01-27
0x8247c026461f9b5ee6dfc83cad5f5bfdc3bcee42,lol-wb-tes-2026-03-02,8296.960629,2228.374083,0.268577,3,4207.826679,1212.92274,4867.221474,337.999998,11072.5573,1.971792,6.840469,0.749327,0.840137,69,2026-03-02 16:40:29,2026-03-02 21:12:41,lol-al-tes-2026-02-01|lol-tes-we-2026-02-10|lol-tes-we-2026-02-28
0x2c787041d8c615b72689359e40d7a32441cbaad1,lol-wb-tes-2026-03-02,203.299997,705.932098,3.472366,5,292.080479,30.0,507.384987,9.999999,1304.802397,0.696041,6.776667,0.155809,-0.174977,6,2026-03-02 15:01:11,2026-03-02 23:04:31,lol-tes-al-2026-01-24|lol-tes-wb-2026-01-19|lol-tes-we-2026-02-10|lol-tes-we-2026-02-28|lol-wb-tes-2026-01-27
0xa6de582c9853954dc46911fdca6fd5a80e256f5e,lol-wb-tes-2026-03-02,263.794793,518.658671,1.966144,3,53.165264,39.495798,34.060151,19.999996,99.999998,4.961788,6.67906,2.637948,6.184046,14,2026-03-02 13:40:57,2026-03-02 21:38:59,lol-tes-al-2026-01-24|lol-tes-we-2026-02-10|lol-wb-tes-2026-01-27
0x520ee90647d0c8240680686cff408d628b55d75a,lol-wb-tes-2026-03-02,222.6,394.8,1.773585,5,95.555822,35.9735,107.573167,2.0,289.2915,2.329528,6.187888,0.769466,1.181002,2,2026-03-02 10:31:59,2026-03-02 10:31:59,lol-al-tes-2026-02-01|lol-tes-jdg-2026-01-14|lol-tes-wb-2026-01-19|lol-tes-we-2026-02-28|lol-wb-tes-2026-01-27
0x9d94f602535e518ee1cb6aade0ca9569f1b1017d,lol-wb-tes-2026-03-02,21566.174622,-4324.029274,-0.200501,5,3056.327279,3491.869497,896.693147,1279.198295,3635.448351,7.056239,6.176111,5.932191,20.642343,325,2026-03-02 17:11:49,2026-03-02 21:26:49,lol-tes-al-2026-01-24|lol-tes-wb-2026-01-19|lol-tes-we-2026-02-10|lol-tes-we-2026-02-28|lol-wb-tes-2026-01-27
0x661daf6af6d884012dd6db73c09d72e8be224dc6,lol-wb-tes-2026-03-02,5757.941558,2626.621813,0.456174,7,1206.679482,937.468096,1032.306519,27.455115,2800.391746,4.771724,6.142013,2.05612,4.408828,79,2026-03-02 17:20:49,2026-03-02 21:24:03,lol-al-tes-2026-02-01|lol-tes-al-2026-01-24|lol-tes-jdg-2026-01-14|lol-tes-wb-2026-01-19|lol-tes-we-2026-02-10|lol-tes-we-2026-02-28|lol-wb-tes-2026-01-27
0x5487559b207c980f660774d06cd5ca144377a014,lol-wb-tes-2026-03-02,270.0,230.0,0.851852,2,44.4,44.4,11.36,33.04,55.76,6.081081,6.081081,4.842181,19.859155,1,2026-03-02 16:43:05,2026-03-02 16:43:05,lol-al-tes-2026-02-01|lol-wb-tes-2026-01-27
0x3b1f15f55716197399247392a280deee45806500,lol-wb-tes-2026-03-02,6168.3991,2653.7038,0.430209,2,1018.675225,1018.675225,946.925225,71.75,1965.60045,6.055315,6.055315,3.138175,5.438364,180,2026-03-02 17:14:07,2026-03-02 23:48:25,lol-al-tes-2026-02-01|lol-tes-we-2026-02-10
0x6fe92865b911ad0ef0b211354a6149d301379c50,lol-wb-tes-2026-03-02,840.0,558.6,0.665,2,139.999998,139.999998,99.999999,39.999999,239.999996,6.0,6.0,3.5,7.0,4,2026-03-02 18:40:01,2026-03-02 22:28:17,lol-tes-jdg-2026-01-14|lol-tes-we-2026-02-10
0x0563bee5e09a2ed5e17b1da20470bc6ab11a8b03,lol-wb-tes-2026-03-02,1250.1404,405.0312,0.323989,2,210.239937,210.239937,110.239937,100.0,320.479875,5.946256,5.946256,3.900839,9.433065,9,2026-03-02 20:36:05,2026-03-02 21:18:03,lol-tes-we-2026-02-10|lol-wb-tes-2026-01-27
0x216012126baafa8ad9037d21f4f7d6220525bcb3,lol-wb-tes-2026-03-02,229.395999,212.727272,0.927336,5,35.999999,39.999999,14.96663,19.999999,59.999999,6.372111,5.7349,3.823267,12.921814,3,2026-03-02 20:36:19,2026-03-02 20:36:19,lol-al-tes-2026-02-01|lol-tes-al-2026-01-24|lol-tes-jdg-2026-01-14|lol-tes-wb-2026-01-19|lol-wb-tes-2026-01-27
0x3a090da22b2bcfee0f3125a26265efbcd356f9f7,lol-wb-tes-2026-03-02,6411.0436,5713.128,0.891139,4,1363.855711,1120.552559,784.153553,602.5932,2611.724527,4.700676,5.721323,2.454717,6.436479,9,2026-03-02 20:52:37,2026-03-02 20:52:37,lol-tes-al-2026-01-24|lol-tes-wb-2026-01-19|lol-tes-we-2026-02-10|lol-wb-tes-2026-01-27
0x5b64ed7a06f1e2b210c73e65a8e82a9b86e9eaf4,lol-wb-tes-2026-03-02,2119.326159,255.778397,0.120689,2,371.345201,371.345201,192.922601,178.4226,564.267803,5.707159,5.707159,3.755887,9.06053,80,2026-03-02 17:18:41,2026-03-02 21:26:49,lol-al-tes-2026-02-01|lol-wb-tes-2026-01-27
0xec02510afded2e41cdc7e307081a9c96ce923dd1,lol-wb-tes-2026-03-02,1077.047094,175.58044,0.16302,6,305.3032,189.999992,279.950412,22.5,835.309263,3.527795,5.668669,1.289399,2.756716,20,2026-03-02 20:09:09,2026-03-02 21:20:31,lol-al-tes-2026-02-01|lol-tes-al-2026-01-24|lol-tes-blg-2026-01-18|lol-tes-jdg-2026-01-14|lol-tes-wb-2026-01-19|lol-tes-we-2026-02-10
0xdbdd45150249e229eb4ca8aa48a30dca21faa5de,lol-wb-tes-2026-03-02,1445.408694,-83.64126,-0.057867,4,649.821673,255.343998,820.70222,35.1856,2053.413095,2.224316,5.660633,0.703905,0.969398,33,2026-03-02 17:14:07,2026-03-02 20:26:53,lol-al-tes-2026-02-01|lol-tes-we-2026-02-10|lol-tes-we-2026-02-28|lol-wb-tes-2026-01-27
0x25608adb5bd1ac874b0feba2fc01ac382a010b02,lol-wb-tes-2026-03-02,17265.01,11769.3,0.681685,5,2965.86857,3059.0,2469.617964,115.977073,6167.986909,5.821232,5.644005,2.799132,5.790022,44,2026-03-02 07:40:43,2026-03-02 18:48:09,lol-al-tes-2026-02-01|lol-tes-al-2026-01-24|lol-tes-we-2026-02-10|lol-tes-we-2026-02-28|lol-wb-tes-2026-01-27
0x9dd9e18b9dcc393705e73966bc79eccbbd9108bd,lol-wb-tes-2026-03-02,550.763333,-430.508333,-0.781658,7,162.928419,98.33,190.42509,9.1,574.814992,3.380401,5.601173,0.958158,2.03668,28,2026-03-02 17:17:21,2026-03-02 18:09:45,lol-al-tes-2026-02-01|lol-tes-al-2026-01-24|lol-tes-blg-2026-01-18|lol-tes-jdg-2026-01-14|lol-tes-wb-2026-01-19|lol-tes-we-2026-02-28|lol-wb-tes-2026-01-27
0x96ec72a20cddcedd80f22b3269b111ddbf2cfcc4,lol-wb-tes-2026-03-02,399.6,340.4,0.851852,2,72.115999,72.115999,42.116,29.999999,114.231999,5.541073,5.541073,3.498144,7.775762,2,2026-03-02 20:53:37,2026-03-02 20:53:37,lol-tes-wb-2026-01-19|lol-wb-tes-2026-01-27
0xbf5ee1a0ffdd3b84ae02deda340973db743a4e1a,lol-wb-tes-2026-03-02,1842.819998,3254.421494,1.766001,2,333.32965,333.32965,216.67035,116.6593,550.0,5.528521,5.528521,3.350582,6.96676,6,2026-03-02 09:10:25,2026-03-02 12:04:57,lol-al-tes-2026-02-01|lol-tes-we-2026-02-10
0xa9b14a62e20202d8f097e95ca8585ab7291d242f,lol-wb-tes-2026-03-02,648.54,551.259,0.85,3,118.183331,119.999998,29.37707,81.329996,153.22,5.487576,5.4045,4.232737,18.053423,4,2026-03-02 15:24:27,2026-03-02 21:54:33,lol-tes-jdg-2026-01-14|lol-tes-wb-2026-01-19|lol-wb-tes-2026-01-27
0xec83e66d5e6516ce4f78eb9657f9de385e1c31e3,lol-wb-tes-2026-03-02,36.399998,46.725592,1.28367,2,6.993368,6.993368,0.000169,6.9932,6.993537,5.204931,5.204931,5.204805,174520.05638,9,2026-03-02 16:51:41,2026-03-02 21:17:43,lol-tes-al-2026-01-24|lol-tes-wb-2026-01-19
0xbfa85301f2081e9d590f61169b1b520b38a5cd1e,lol-wb-tes-2026-03-02,153.849193,92.67202,0.602356,4,48.121298,29.999998,50.066753,1.0,131.485195,3.197112,5.128307,1.170088,2.111739,20,2026-03-02 14:26:35,2026-03-02 20:58:59,lol-tes-al-2026-01-24|lol-tes-blg-2026-01-18|lol-tes-wb-2026-01-19|lol-wb-tes-2026-01-27
0x4dd9958c46fef5d5f8afd1a1c256e1c04bdc2862,lol-wb-tes-2026-03-02,99.999995,27.272726,0.272727,3,49.11252,19.99998,48.414847,9.99998,117.3376,2.036141,5.000005,0.852242,1.051072,2,2026-03-02 21:21:37,2026-03-02 21:21:37,lol-al-tes-2026-02-01|lol-tes-we-2026-02-28|lol-wb-tes-2026-01-27
0x73da1e371be9c623b3d80b86c42eacd92977b7ac,lol-wb-tes-2026-03-02,1878.994876,1264.998199,0.673231,3,346.0,378.0,148.701042,150.0,510.0,5.430621,4.970886,3.684304,10.309241,13,2026-03-02 11:34:53,2026-03-02 20:31:37,lol-al-tes-2026-02-01|lol-tes-jdg-2026-01-14|lol-tes-we-2026-02-28
0x8b552440eaefeef7d4818e6d74cf5c391a76d74b,lol-wb-tes-2026-03-02,393.995069,13.995799,0.035523,3,92.465274,80.0,26.261514,68.4,128.995821,4.261006,4.924938,3.054324,11.481813,7,2026-03-01 09:58:13,2026-03-02 21:05:47,lol-tes-wb-2026-01-19|lol-tes-we-2026-02-10|lol-tes-we-2026-02-28
0x68146921df11eab44296dc4e58025ca84741a9e7,lol-wb-tes-2026-03-02,8052.453802,1386.648671,0.172202,4,1660.136061,1638.666084,1153.058413,331.6162,3031.595876,4.850478,4.91403,2.656177,5.543794,477,2026-02-28 22:47:15,2026-03-02 21:27:09,lol-al-tes-2026-02-01|lol-tes-al-2026-01-24|lol-tes-we-2026-02-10|lol-tes-we-2026-02-28
0xfcfe7b9756da0d7ca1837e3281910d9e67ead420,lol-wb-tes-2026-03-02,271.796079,147.625235,0.543147,3,218.963564,55.999998,259.996012,15.0,585.890695,1.241285,4.853502,0.463902,0.203205,11,2026-03-02 15:27:51,2026-03-02 19:11:45,lol-tes-blg-2026-01-18|lol-tes-we-2026-02-10|lol-wb-tes-2026-01-27
0x34f220575f31b1e83707f7e38d3097f2f7f63bc2,lol-wb-tes-2026-03-02,373.59594,485.688799,1.300038,4,78.633261,77.088735,60.161078,7.75,152.605572,4.751119,4.84631,2.448115,4.902882,15,2026-03-01 22:27:29,2026-03-02 21:21:31,lol-tes-al-2026-01-24|lol-tes-wb-2026-01-19|lol-tes-we-2026-02-10|lol-tes-we-2026-02-28
0xa66d0269e85bf585c9c4aa68b90ecb1bca150859,lol-wb-tes-2026-03-02,96.4865,157.887,1.636364,2,20.4226,20.4226,13.1226,7.3,33.5452,4.724496,4.724496,2.876313,5.796405,2,2026-03-02 16:56:49,2026-03-02 16:56:49,lol-al-tes-2026-02-01|lol-tes-we-2026-02-10
0x757a94a4c4fbd2752f52c1a33bca24098c4e70f6,lol-wb-tes-2026-03-02,498.0,402.0,0.807229,4,147.023235,106.490278,132.036307,16.879686,358.2327,3.38722,4.676483,1.390158,2.658184,3,2026-03-02 17:20:49,2026-03-02 17:54:53,lol-al-tes-2026-02-01|lol-tes-al-2026-01-24|lol-tes-we-2026-02-28|lol-wb-tes-2026-01-27
0xf8c860fb134ec5514e29366bd117d2483ab97c4c,lol-wb-tes-2026-03-02,41.16,0.42,0.010204,4,12.547235,8.82,10.279924,3.148941,29.4,3.280404,4.666667,1.4,2.783363,8,2026-03-01 21:16:05,2026-03-02 11:53:47,lol-tes-blg-2026-01-18|lol-tes-we-2026-02-10|lol-tes-we-2026-02-28|lol-wb-tes-2026-01-27
0xa8867894a58f0389122549d00c299b8e96b7822b,lol-wb-tes-2026-03-02,199.999999,503.209918,2.51605,5,53.790919,42.999999,25.295024,26.8,99.999998,3.7181,4.651163,2.0,5.780152,6,2026-03-02 17:10:01,2026-03-02 23:16:25,lol-al-tes-2026-02-01|lol-tes-al-2026-01-24|lol-tes-wb-2026-01-19|lol-tes-we-2026-02-10|lol-wb-tes-2026-01-27
0x17337525541b55342d739089568f72f48feddc80,lol-wb-tes-2026-03-02,519.869195,26.673111,0.051307,2,114.675,114.675,99.075,15.6,213.75,4.533414,4.533414,2.432137,4.089772,15,2026-03-02 20:54:19,2026-03-02 21:10:19,lol-tes-wb-2026-01-19|lol-tes-we-2026-02-10
0xbfd770b7ff07fb2ece41b0e7c593db65a84cf0bf,lol-wb-tes-2026-03-02,208.505578,-74.412912,-0.356887,5,165.431472,46.519998,256.713061,15.2984,677.798963,1.260374,4.482063,0.307622,0.167791,21,2026-03-02 17:13:17,2026-03-02 20:25:57,lol-tes-al-2026-01-24|lol-tes-jdg-2026-01-14|lol-tes-we-2026-02-10|lol-tes-we-2026-02-28|lol-wb-tes-2026-01-27
0xede186f37ead91aa618cf8101db2bfe6b6c57dd1,lol-wb-tes-2026-03-02,1054.992843,-404.992843,-0.383882,2,243.998779,243.998779,83.998779,160.0,327.997558,4.323763,4.323763,3.216466,9.654832,13,2026-03-02 19:17:47,2026-03-02 21:01:13,lol-al-tes-2026-02-01|lol-tes-we-2026-02-10
0x2c38d1ed8cc90694ab84ac975cbb475fd66ca15a,lol-wb-tes-2026-03-02,485.49,183.1932,0.377337,2,113.609999,113.609999,91.209998,22.4,204.819997,4.273303,4.273303,2.370325,4.077185,32,2026-03-02 13:10:03,2026-03-02 21:10:37,lol-tes-jdg-2026-01-14|lol-tes-we-2026-02-10
0x183f8b17cfb09c9115d068b2da3033b54f4c85e3,lol-wb-tes-2026-03-02,1099.994499,899.995498,0.818182,3,250.133333,259.6,125.592392,91.8,399.0,4.397633,4.237267,2.756878,6.76682,6,2026-03-02 20:52:45,2026-03-02 20:52:49,lol-tes-al-2026-01-24|lol-tes-we-2026-02-10|lol-wb-tes-2026-01-27
0x24ca37de07bc887c782129b7447cce4794ea5829,lol-wb-tes-2026-03-02,201.54446,65.893659,0.326944,2,47.66555,47.66555,37.245551,10.419999,84.9111,4.228305,4.228305,2.373594,4.131471,29,2026-03-02 20:55:49,2026-03-02 21:35:09,lol-tes-we-2026-02-28|lol-wb-tes-2026-01-27
0x20ec06a8ed6668df0ad24f9715cc31e8e5d2fa43,lol-wb-tes-2026-03-02,891.439696,272.937404,0.306176,5,417.999999,219.999996,386.69885,20.0,999.999999,2.132631,4.051999,0.89144,1.224311,17,2026-03-02 17:47:51,2026-03-02 20:30:55,lol-al-tes-2026-02-01|lol-tes-wb-2026-01-19|lol-tes-we-2026-02-10|lol-tes-we-2026-02-28|lol-wb-tes-2026-01-27
0x7b05873db08b4f86ecbefb41065a5c87c79925df,lol-wb-tes-2026-03-02,68.767497,24.017931,0.349263,5,16.759999,16.999999,3.380888,10.799998,20.0,4.103073,4.045147,3.438375,15.382792,12,2026-03-02 19:14:37,2026-03-02 20:22:07,lol-al-tes-2026-02-01|lol-tes-al-2026-01-24|lol-tes-blg-2026-01-18|lol-tes-jdg-2026-01-14|lol-tes-we-2026-02-28
0x13414a77a4be48988851c73dfd824d0168e70853,lol-wb-tes-2026-03-02,82806.468437,-11390.349398,-0.137554,7,14582.149465,20531.359725,10127.829807,1188.566287,27372.640408,5.678619,4.03317,3.025155,6.736322,256,2026-03-01 08:47:55,2026-03-02 20:03:11,lol-al-tes-2026-02-01|lol-tes-al-2026-01-24|lol-tes-blg-2026-01-18|lol-tes-wb-2026-01-19|lol-tes-we-2026-02-10|lol-tes-we-2026-02-28|lol-wb-tes-2026-01-27
0x6df94bb752a5fadf12baa0c472a88c1232f8e49e,lol-wb-tes-2026-03-02,1399.08,1587.566,1.134721,2,350.345779,350.345779,89.654221,260.691558,440.0,3.993426,3.993426,3.179727,11.697544,8,2026-03-02 18:59:09,2026-03-02 22:56:39,lol-tes-wb-2026-01-19|lol-tes-we-2026-02-10
0xb702cad02ea10ad6b4e2f4bc5459e04252726bcf,lol-wb-tes-2026-03-02,100.469992,56.576861,0.563122,2,25.653332,25.653332,0.746669,24.906663,26.4,3.91645,3.91645,3.805682,100.200639,7,2026-03-02 12:58:59,2026-03-02 21:23:31,lol-tes-al-2026-01-24|lol-wb-tes-2026-01-27
0x72983c97f41bb9c70e6ec51597f050168b0dfe8d,lol-wb-tes-2026-03-02,3101.975627,-384.363713,-0.123909,2,794.9992,794.9992,175.0008,619.9984,970.0,3.90186,3.90186,3.197913,13.182662,40,2026-03-01 11:23:43,2026-03-02 13:51:31,lol-al-tes-2026-02-01|lol-wb-tes-2026-01-27
0xea63bfe35d042eb16ddddeaff1ad25ed8b83682c,lol-wb-tes-2026-03-02,2319.649716,1394.192663,0.601036,3,1224.949075,600.130064,1255.343938,98.25,2976.467161,1.89367,3.865245,0.77933,0.872032,126,2026-03-02 20:58:29,2026-03-02 21:27:05,lol-tes-al-2026-01-24|lol-tes-we-2026-02-10|lol-wb-tes-2026-01-27
0x9adf697c265f8c8807e286cbf75a3a2e857955e8,lol-wb-tes-2026-03-02,20084.271854,8306.665653,0.413591,8,8221.792098,5211.178833,7974.5977,644.132628,21599.761053,2.44281,3.854075,0.929838,1.487533,92,2026-03-02 20:09:31,2026-03-02 23:19:29,lol-al-tes-2026-02-01|lol-tes-al-2026-01-24|lol-tes-blg-2026-01-18|lol-tes-jdg-2026-01-14|lol-tes-wb-2026-01-19|lol-tes-we-2026-02-10|lol-tes-we-2026-02-28|lol-wb-tes-2026-01-27
0x476b0f069dc03644d1006ac912deb781d7b68a58,lol-wb-tes-2026-03-02,162.65,33.7308,0.207383,3,75.767896,42.6,51.643731,36.0,148.703689,2.146688,3.818075,1.093786,1.682336,23,2026-03-02 17:16:03,2026-03-02 21:19:21,lol-al-tes-2026-02-01|lol-tes-we-2026-02-10|lol-wb-tes-2026-01-27
0x6a069dae3165b6954c2d078a07f884fc1a9931d8,lol-wb-tes-2026-03-02,4109.724696,1161.395906,0.282597,2,1097.822382,1097.822382,542.822384,554.999997,1640.644766,3.743524,3.743524,2.504945,5.548596,10,2026-03-02 21:09:01,2026-03-02 21:21:33,lol-tes-we-2026-02-10|lol-wb-tes-2026-01-27
0x2226c9d67117de5c1435dc406ecae046121fde06,lol-wb-tes-2026-03-02,745.234797,1465.806407,1.966905,3,463.553614,199.999998,445.307092,99.999999,1090.660844,1.607656,3.726174,0.683287,0.632555,17,2026-03-02 17:42:51,2026-03-02 21:29:49,lol-al-tes-2026-02-01|lol-tes-we-2026-02-10|lol-wb-tes-2026-01-27
0x93f41e3ec256dfa764d2722a2090454ede7dea90,lol-wb-tes-2026-03-02,70.886498,-70.886498,-1.0,2,19.3,19.3,9.7,9.6,29.0,3.672876,3.672876,2.444362,5.318196,8,2026-03-02 20:56:19,2026-03-02 21:05:43,lol-al-tes-2026-02-01|lol-tes-al-2026-01-24
0x00973d2a2a9f6fea13d8a371b53479dd810d9055,lol-wb-tes-2026-03-02,45.6,14.4,0.315789,2,12.499999,12.499999,7.5,4.999999,19.999999,3.648,3.648,2.28,4.413333,1,2026-03-02 19:54:47,2026-03-02 19:54:47,lol-tes-al-2026-01-24|lol-wb-tes-2026-01-27
0x4bf9fa43e8e40311ebae4b3ef2ffbc9be2c61e87,lol-wb-tes-2026-03-02,372.388994,574.239724,1.542043,3,75.760766,102.269499,38.719104,21.012799,103.999999,4.915328,3.641252,3.580663,7.66103,19,2026-03-02 16:58:31,2026-03-02 21:24:35,lol-tes-wb-2026-01-19|lol-tes-we-2026-02-28|lol-wb-tes-2026-01-27
0xaea0d2d9c206f0a3f9cf05aae723942a61500dec,lol-wb-tes-2026-03-02,2377.2558,8.1684,0.003436,2,659.10425,659.10425,638.10425,21.0,1297.2085,3.606798,3.606798,1.832593,2.692588,197,2026-03-02 13:12:57,2026-03-02 21:26:49,lol-tes-we-2026-02-10|lol-tes-we-2026-02-28
0xf012dee786f5906cd9ca567995ea5234af791a19,lol-wb-tes-2026-03-02,490.551796,-197.339996,-0.402282,2,137.263873,137.263873,118.043875,19.219998,255.307748,3.573787,3.573787,1.921414,2.992853,7,2026-03-02 16:39:57,2026-03-02 17:45:47,lol-tes-we-2026-02-10|lol-tes-we-2026-02-28
0xc4b2d9d52cbd4b05258549738b7f0a7e2aa54ab2,lol-wb-tes-2026-03-02,233.705799,101.345987,0.433648,4,87.742785,65.448332,56.651416,40.597364,179.477113,2.663533,3.570844,1.302148,2.576511,17,2026-03-02 18:27:47,2026-03-02 21:17:19,lol-al-tes-2026-02-01|lol-tes-wb-2026-01-19|lol-tes-we-2026-02-10|lol-wb-tes-2026-01-27
0x407ffcefaf1774beae0fa98b141e3ee35393d62a,lol-wb-tes-2026-03-02,79.0823,9.0387,0.114295,3,61.531762,22.319992,65.259597,8.784,153.491294,1.285227,3.543115,0.515223,0.268934,9,2026-03-02 21:06:07,2026-03-02 22:11:47,lol-tes-wb-2026-01-19|lol-tes-we-2026-02-10|lol-wb-tes-2026-01-27
0x6260e8c6e2fc3d3238c3f5361ea0de8ed0a8fed5,lol-wb-tes-2026-03-02,3772.634097,1508.502089,0.399854,3,1431.17512,1065.305359,589.034285,966.0,2262.22,2.636039,3.541364,1.667669,3.975081,76,2026-03-02 20:55:39,2026-03-02 21:27:21,lol-tes-al-2026-01-24|lol-tes-we-2026-02-10|lol-wb-tes-2026-01-27
0xc482b2a677be463d22cca6b331aedb3ece83b505,lol-wb-tes-2026-03-02,35.28,-35.28,-1.0,5,82.247997,9.999994,138.979993,0.78,358.999997,0.428947,3.528002,0.098273,-0.337948,1,2026-03-02 20:55:17,2026-03-02 20:55:17,lol-al-tes-2026-02-01|lol-tes-al-2026-01-24|lol-tes-jdg-2026-01-14|lol-tes-wb-2026-01-19|lol-wb-tes-2026-01-27
0x512ec018b841af1feaa25c6d260c9344afd24f1b,lol-wb-tes-2026-03-02,689.993014,740.932386,1.073826,2,196.759,196.759,10.479,186.28,207.237999,3.506793,3.506793,3.329472,47.068808,14,2026-03-02 15:40:55,2026-03-02 20:31:25,lol-tes-we-2026-02-10|lol-tes-we-2026-02-28
0xeea6b30a05cf1526f6af2f331dabb0d52c95135f,lol-wb-tes-2026-03-02,734.291594,1010.111926,1.375628,7,886.937414,209.899999,1285.875077,53.95,3890.799084,0.827896,3.498293,0.188725,-0.11871,29,2026-03-02 19:26:55,2026-03-02 21:19:37,lol-al-tes-2026-02-01|lol-tes-al-2026-01-24|lol-tes-blg-2026-01-18|lol-tes-wb-2026-01-19|lol-tes-we-2026-02-10|lol-tes-we-2026-02-28|lol-wb-tes-2026-01-27
0xb8b8d0824486e7f79f7fd621230ee5e1f31b61dc,lol-wb-tes-2026-03-02,77.0,23.0,0.298701,4,24.08175,22.213499,9.006856,13.5,38.4,3.197442,3.466361,2.005208,5.87533,5,2026-03-02 19:39:27,2026-03-02 19:39:31,lol-tes-al-2026-01-24|lol-tes-wb-2026-01-19|lol-tes-we-2026-02-10|lol-wb-tes-2026-01-27
0xcd368c715a0838c3173ffe51e865ec32d85619be,lol-wb-tes-2026-03-02,139.999998,346.341612,2.473869,8,54.463219,41.012427,32.846594,10.0,99.91,2.570542,3.413599,1.401261,2.604129,7,2026-03-02 12:19:17,2026-03-02 21:14:13,lol-al-tes-2026-02-01|lol-tes-al-2026-01-24|lol-tes-blg-2026-01-18|lol-tes-jdg-2026-01-14|lol-tes-wb-2026-01-19|lol-tes-we-2026-02-10|lol-tes-we-2026-02-28|lol-wb-tes-2026-01-27
0xd4081f280de71b3e82b15bdc724588556f52e85c,lol-wb-tes-2026-03-02,17269.824594,3280.781995,0.189972,4,4566.880963,5157.221047,2333.226493,824.566432,7128.515326,3.781536,3.348669,2.42264,5.444368,111,2026-03-02 17:11:49,2026-03-02 20:53:23,lol-al-tes-2026-02-01|lol-tes-blg-2026-01-18|lol-tes-wb-2026-01-19|lol-wb-tes-2026-01-27
0x03dffc2ae38a806925d665cb8dbbc66b6fe11299,lol-wb-tes-2026-03-02,347.0,60.9971,0.175784,2,104.494561,104.494561,54.494561,50.0,158.989122,3.320747,3.320747,2.182539,4.450085,23,2026-03-02 18:55:55,2026-03-02 20:55:39,lol-tes-we-2026-02-10|lol-wb-tes-2026-01-27
0x92b579c18404156883110e99a7a4200ff4e42def,lol-wb-tes-2026-03-02,132.224998,-120.419998,-0.91072,2,40.099998,40.099998,20.099999,20.0,60.199997,3.297382,3.297382,2.196429,4.583334,7,2026-03-02 14:44:09,2026-03-02 20:55:29,lol-tes-al-2026-01-24|lol-wb-tes-2026-01-27
0x16ea6d68c8305c1c8f95d247d0845d19c9cf6df7,lol-wb-tes-2026-03-02,14807.278088,183.824341,0.012414,4,5058.952253,4618.510492,3349.860187,1623.230005,9375.558025,2.926946,3.206072,1.579349,2.910069,339,2026-03-02 13:46:23,2026-03-02 21:27:01,lol-al-tes-2026-02-01|lol-tes-we-2026-02-10|lol-tes-we-2026-02-28|lol-wb-tes-2026-01-27
0xa0855414549d6f5d83d0dc6dcc2827c68e127fcc,lol-wb-tes-2026-03-02,269.999997,335.886878,1.244025,7,102.461139,85.277998,88.067863,4.999999,299.999998,2.635145,3.166116,0.9,1.902384,7,2026-03-02 09:43:15,2026-03-02 21:27:11,lol-al-tes-2026-02-01|lol-tes-al-2026-01-24|lol-tes-blg-2026-01-18|lol-tes-wb-2026-01-19|lol-tes-we-2026-02-10|lol-tes-we-2026-02-28|lol-wb-tes-2026-01-27
0x5a3c2e8e5e4dea3e41dea2916a34327dbd3238d3,lol-wb-tes-2026-03-02,667.899992,-664.999992,-0.995658,3,223.15296,211.999996,58.724121,157.458886,299.999997,2.993014,3.150472,2.226333,7.573498,10,2026-03-02 18:44:11,2026-03-02 18:44:35,lol-al-tes-2026-02-01|lol-tes-we-2026-02-10|lol-tes-we-2026-02-28
0x21c24a79a0c2f07b2ed34e30d42dffa3d0b66749,lol-wb-tes-2026-03-02,2278.1405,108.219,0.047503,3,785.856833,738.786,597.095222,79.24,1539.5445,2.898926,3.083627,1.47975,2.499239,185,2026-03-02 13:12:39,2026-03-02 21:26:27,lol-tes-al-2026-01-24|lol-tes-we-2026-02-10|lol-tes-we-2026-02-28
0x143c7100fcb93b19a746372c938a7a091e5588b9,lol-wb-tes-2026-03-02,665.649591,795.322229,1.194806,7,300.136369,220.339996,162.980662,176.095427,678.599991,2.217824,3.021011,0.980916,2.242678,28,2026-03-01 20:56:51,2026-03-02 21:13:25,lol-al-tes-2026-02-01|lol-tes-blg-2026-01-18|lol-tes-jdg-2026-01-14|lol-tes-wb-2026-01-19|lol-tes-we-2026-02-10|lol-tes-we-2026-02-28|lol-wb-tes-2026-01-27
0xf3228557e59c30197a27076511a5f0accfab68b4,lol-wb-tes-2026-03-02,25.5,4.5,0.176471,4,12.75,8.5,7.361216,8.5,25.5,2.0,3.0,1.0,1.732051,1,2026-03-02 21:15:15,2026-03-02 21:15:15,lol-al-tes-2026-02-01|lol-tes-al-2026-01-24|lol-tes-jdg-2026-01-14|lol-tes-we-2026-02-10
0xde0463ea7f611b065e8ab06bbfbddad75e6dfa37,lol-wb-tes-2026-03-02,5819.36078,3524.075474,0.605578,2,1947.82859,1947.82859,1727.144909,220.683681,3674.973499,2.987614,2.987614,1.583511,2.241579,113,2026-03-01 04:41:31,2026-03-02 21:19:05,lol-al-tes-2026-02-01|lol-tes-we-2026-02-28
0x7795d2ccdae3dc851329c3a576a2d61468bc17aa,lol-wb-tes-2026-03-02,251.699,-42.999,-0.170835,4,75.9142,84.786,28.664051,29.0,105.0848,3.315572,2.968639,2.395199,6.132587,11,2026-03-02 19:22:51,2026-03-02 21:22:01,lol-tes-al-2026-01-24|lol-tes-blg-2026-01-18|lol-tes-wb-2026-01-19|lol-tes-we-2026-02-10
0xb89190c659af6087669fce8a4c9dc0f2102e969b,lol-wb-tes-2026-03-02,251.019155,-251.019155,-1.0,6,100.709158,88.499911,65.946381,11.11,227.109901,2.492516,2.836377,1.105276,2.279276,9,2026-03-02 20:49:23,2026-03-02 21:12:35,lol-al-tes-2026-02-01|lol-tes-al-2026-01-24|lol-tes-blg-2026-01-18|lol-tes-wb-2026-01-19|lol-tes-we-2026-02-10|lol-wb-tes-2026-01-27
0xf232fee6429a6acd5cc99a86fbf79083f20a4fc6,lol-wb-tes-2026-03-02,322.950166,-17.721166,-0.054873,2,116.7756,116.7756,8.5756,108.2,125.3512,2.765562,2.765562,2.576363,24.041999,25,2026-03-02 15:33:55,2026-03-02 21:23:29,lol-tes-jdg-2026-01-14|lol-tes-we-2026-02-10
0xd92df395cd7cb4a538d90accd2146cfbeacee560,lol-wb-tes-2026-03-02,760.0,480.0,0.631579,4,266.166933,277.78945,119.800589,86.1,422.988831,2.855351,2.735885,1.796738,4.122126,2,2026-03-02 18:09:51,2026-03-02 18:09:51,lol-al-tes-2026-02-01|lol-tes-al-2026-01-24|lol-tes-wb-2026-01-19|lol-tes-we-2026-02-10
0x8e86f72faf203e428d12300c6b251690b8497932,lol-wb-tes-2026-03-02,29.999998,-29.999998,-1.0,4,12.999999,11.0,4.123104,10.0,19.999997,2.307692,2.727273,1.5,4.123107,2,2026-03-02 14:12:37,2026-03-02 14:12:37,lol-tes-al-2026-01-24|lol-tes-we-2026-02-10|lol-tes-we-2026-02-28|lol-wb-tes-2026-01-27
0xabd60fdeac7deb4b78d96f19704f82b8b146ca90,lol-wb-tes-2026-03-02,748.3746,1.6572,0.002214,5,307.58058,276.39,100.154051,224.882898,500.5,2.433101,2.707676,1.495254,4.40116,8,2026-03-02 17:35:03,2026-03-02 21:02:51,lol-al-tes-2026-02-01|lol-tes-al-2026-01-24|lol-tes-wb-2026-01-19|lol-tes-we-2026-02-10|lol-wb-tes-2026-01-27
0xd5a17aa74eb2b02175850949597d9d33adb90544,lol-wb-tes-2026-03-02,566.61,1088.78,1.921569,2,210.68485,210.68485,162.27515,48.4097,372.96,2.689372,2.689372,1.519225,2.193344,2,2026-03-01 21:04:25,2026-03-01 21:04:25,lol-al-tes-2026-02-01|lol-wb-tes-2026-01-27
0xb29501b374eeab2a080680285bd8da4a9fc7d1e7,lol-wb-tes-2026-03-02,33.5191,6.062,0.180852,2,12.7794,12.7794,2.7854,9.994,15.5648,2.622901,2.622901,2.153519,7.445861,16,2026-03-02 17:45:29,2026-03-02 21:19:39,lol-al-tes-2026-02-01|lol-tes-we-2026-02-10
0xe3294b24285c49ec6a2910c680024b3f5a9456ac,lol-wb-tes-2026-03-02,52.261799,47.793102,0.914494,3,21.333332,20.0,14.727148,3.999998,39.999998,2.449772,2.61309,1.306545,2.100099,3,2026-03-02 21:03:37,2026-03-02 21:03:37,lol-tes-al-2026-01-24|lol-tes-wb-2026-01-19|lol-tes-we-2026-02-10
0x40ce68f1564f3c751b12d88a393d8cc0651dbf90,lol-wb-tes-2026-03-02,939.980224,-907.862224,-0.965831,5,309.127329,360.494846,159.550417,43.809998,525.0,3.040754,2.607472,1.790439,3.953941,11,2026-03-01 05:04:29,2026-03-02 14:46:39,lol-al-tes-2026-02-01|lol-tes-jdg-2026-01-14|lol-tes-wb-2026-01-19|lol-tes-we-2026-02-10|lol-tes-we-2026-02-28
0xfb289ed3469b8e1ec31925b021b8c3d6d1e202bb,lol-wb-tes-2026-03-02,282.0,16.093596,0.057069,7,112.813832,109.23,69.23341,9.898243,246.980832,2.499693,2.581708,1.141789,2.443707,16,2026-03-01 23:22:45,2026-03-02 11:58:11,lol-al-tes-2026-02-01|lol-tes-al-2026-01-24|lol-tes-blg-2026-01-18|lol-tes-jdg-2026-01-14|lol-tes-wb-2026-01-19|lol-tes-we-2026-02-28|lol-wb-tes-2026-01-27
0xbc7c974eea213c5d59ccc93c8b1aa7c76d95c08e,lol-wb-tes-2026-03-02,49.6,4.2,0.084677,2,19.520494,19.520494,11.720494,7.8,31.240988,2.540919,2.540919,1.587658,2.566403,9,2026-03-02 18:19:45,2026-03-02 21:20:19,lol-al-tes-2026-02-01|lol-tes-we-2026-02-10
0xf163625aa894e79b73629926992e142b740eca34,lol-wb-tes-2026-03-02,1982.00832,730.71828,0.368676,4,739.002444,818.775,393.589467,134.859774,1183.6,2.682005,2.4207,1.674559,3.158128,71,2026-03-02 19:34:05,2026-03-02 21:20:23,lol-tes-al-2026-01-24|lol-tes-wb-2026-01-19|lol-tes-we-2026-02-10|lol-wb-tes-2026-01-27
0x1e1b69743a21422f14bcdb96f5ebffa1e5ecc38f,lol-wb-tes-2026-03-02,47.419998,-47.419998,-1.0,3,18.329999,19.999999,10.270238,5.0,29.989998,2.587016,2.371,1.581194,2.832456,2,2026-03-02 14:23:09,2026-03-02 14:23:09,lol-tes-al-2026-01-24|lol-tes-we-2026-02-28|lol-wb-tes-2026-01-27
0x8a23ddb6993958b5321e0c1c5b4c3303e75681ca,lol-wb-tes-2026-03-02,774.0,213.5,0.27584,2,331.083746,331.083746,59.703753,271.379993,390.787498,2.337777,2.337777,1.980616,7.418566,12,2026-03-02 17:56:11,2026-03-02 21:24:55,lol-al-tes-2026-02-01|lol-wb-tes-2026-01-27
0x973a72203cd5abbebb9037a04b2cefe78d77dd9d,lol-wb-tes-2026-03-02,112.78579,190.238198,1.686721,3,44.036129,48.809961,25.11407,11.169996,72.12843,2.56121,2.310713,1.56368,2.737496,33,2026-03-01 23:41:59,2026-03-02 21:25:51,lol-tes-we-2026-02-10|lol-tes-we-2026-02-28|lol-wb-tes-2026-01-27
0x20abfe0e3939d37b85328df4eac97fb4c6c87311,lol-wb-tes-2026-03-02,92.0,-92.0,-1.0,5,36.841998,39.999996,19.678715,10.0,64.209998,2.49715,2.3,1.432799,2.802927,2,2026-03-02 12:45:33,2026-03-02 12:45:33,lol-al-tes-2026-02-01|lol-tes-al-2026-01-24|lol-tes-blg-2026-01-18|lol-tes-jdg-2026-01-14|lol-tes-wb-2026-01-19
0x791f40cd0b0ff91bf76c64e010f98f5e2708060e,lol-wb-tes-2026-03-02,228.799999,318.166667,1.390589,3,113.333333,99.999999,26.246693,90.0,149.999999,2.018824,2.288,1.525333,4.399284,9,2026-03-02 18:15:11,2026-03-02 18:15:11,lol-al-tes-2026-02-01|lol-tes-we-2026-02-28|lol-wb-tes-2026-01-27
0xca1d08cd4f35533e519fccc16ce51e970bc79782,lol-wb-tes-2026-03-02,21.999997,6.111113,0.277778,2,10.279997,10.279997,4.279999,5.999998,14.559996,2.140078,2.140078,1.510989,2.738318,10,2026-03-02 18:31:39,2026-03-02 21:14:23,lol-tes-we-2026-02-10|lol-tes-we-2026-02-28
0x583f70da7ee63bc1562e945f99c3407ffd622dab,lol-wb-tes-2026-03-02,9347.828323,1674.819284,0.179167,4,4776.159766,4464.737433,1040.562704,3716.653841,6458.510358,1.957185,2.093702,1.447366,4.393458,153,2026-03-02 20:16:09,2026-03-02 20:42:57,lol-tes-al-2026-01-24|lol-tes-jdg-2026-01-14|lol-tes-wb-2026-01-19|lol-wb-tes-2026-01-27
0x182dfb3b0c6ad19fbf37343ba160aa08b3b773e9,lol-wb-tes-2026-03-02,2189.987776,1809.989996,0.826484,2,1071.43905,1071.43905,188.55395,882.8851,1259.992999,2.043969,2.043969,1.738095,5.932248,23,2026-03-02 20:52:49,2026-03-02 20:53:23,lol-tes-al-2026-01-24|lol-wb-tes-2026-01-27
0x5c1eb1bb4ccaa620ad506794bc96ff7045329ba0,lol-wb-tes-2026-03-02,40.0,10.0,0.25,2,19.999997,19.999997,2e-06,19.999995,19.999998,2.0,2.0,2.0,13333335.652961,1,2026-03-02 21:24:03,2026-03-02 21:24:03,lol-tes-blg-2026-01-18|lol-tes-wb-2026-01-19
0x49a6d775012b01c2488eb54bb89701844bfda658,lol-wb-tes-2026-03-02,499.999997,685.073824,1.370148,5,206.522478,251.112399,101.717269,69.999998,311.499999,2.421044,1.99114,1.605136,2.885228,6,2026-03-02 16:45:59,2026-03-02 21:35:41,lol-tes-al-2026-01-24|lol-tes-wb-2026-01-19|lol-tes-we-2026-02-10|lol-tes-we-2026-02-28|lol-wb-tes-2026-01-27
0xda325ce6ba8bd306e1971369cb935d48a1d904a1,lol-wb-tes-2026-03-02,781.6642,-781.6642,-1.0,2,413.987348,413.987348,12.003592,401.983756,425.99094,1.888135,1.888135,1.834932,30.630569,5,2026-03-02 17:01:39,2026-03-02 17:02:09,lol-tes-al-2026-01-24|lol-wb-tes-2026-01-27
0x0fbcccfc93c2c33b4f1492bf34ae89b3992062a3,lol-wb-tes-2026-03-02,1791.429243,1018.320725,0.56844,3,911.707265,952.024216,247.208203,590.801802,1192.295778,1.964917,1.881706,1.502504,3.558628,33,2026-03-02 20:55:55,2026-03-02 21:26:59,lol-tes-wb-2026-01-19|lol-tes-we-2026-02-10|lol-wb-tes-2026-01-27
0xbf69af4abdeee17a5a9c4a9993b6a5e98dfd4fa2,lol-wb-tes-2026-03-02,46.0,-46.0,-1.0,2,25.399578,25.399578,4.600422,20.799156,30.0,1.811054,1.811054,1.533333,4.477942,1,2026-03-02 19:38:27,2026-03-02 19:38:27,lol-tes-we-2026-02-10|lol-wb-tes-2026-01-27
0xbcf011c5c93f1553d8a8c1f2df8a9cc5b9c0ea00,lol-wb-tes-2026-03-02,1060.279991,153.670786,0.144934,3,631.611214,606.153694,107.652109,514.349971,774.329978,1.678691,1.749193,1.369287,3.981982,5,2026-03-02 21:10:41,2026-03-02 21:21:27,lol-tes-al-2026-01-24|lol-tes-blg-2026-01-18|lol-tes-wb-2026-01-19
0x74a83b5a9593a95f73d4cf4a638e65fabe9cdf59,lol-wb-tes-2026-03-02,1034.55,3570.138,3.450909,3,429.864698,600.83,265.21093,55.2741,633.489995,2.406688,1.721868,1.633096,2.280017,5,2026-03-02 13:12:17,2026-03-03 00:43:19,lol-tes-blg-2026-01-18|lol-tes-wb-2026-01-19|lol-tes-we-2026-02-10
0xb003fb2e40237facd252cd84190faa0b969dd962,lol-wb-tes-2026-03-02,131.999371,-131.999371,-1.0,2,78.499999,78.499999,3.5,74.999999,81.999999,1.681521,1.681521,1.609748,15.285535,2,2026-03-02 20:53:19,2026-03-02 20:53:19,lol-tes-wb-2026-01-19|lol-wb-tes-2026-01-27
0x4bfc65e32ad2be86bdd3cf74a00ad1b49eaece53,lol-wb-tes-2026-03-02,90.0,70.0,0.777778,2,55.1,55.1,0.1,55.0,55.2,1.633394,1.633394,1.630435,349.0,2,2026-03-02 20:59:13,2026-03-02 20:59:13,lol-tes-al-2026-01-24|lol-wb-tes-2026-01-27
0xde5314ddd05574a22cdaeef4e9ab2c02ce90e5be,lol-wb-tes-2026-03-02,156.17,-72.84,-0.466415,2,100.594821,100.594821,13.605179,86.989642,114.2,1.552466,1.552466,1.367513,4.084855,7,2026-03-01 01:05:25,2026-03-01 22:27:29,lol-tes-we-2026-02-28|lol-wb-tes-2026-01-27
0xaeb50a7e23d833da8be30e69b55172d1f52858e2,lol-wb-tes-2026-03-02,527.1355,208.129,0.39483,4,346.461548,347.923096,45.045533,290.0,400.0,1.521483,1.515092,1.317839,4.010918,9,2026-03-02 17:56:15,2026-03-02 17:57:09,lol-al-tes-2026-02-01|lol-tes-al-2026-01-24|lol-tes-jdg-2026-01-14|lol-wb-tes-2026-01-27
0x41ac5791ac29f9fbb9ad7d5e455e33ffe126631a,lol-wb-tes-2026-03-02,440.22,76.56,0.173913,3,274.774,296.322,33.108279,228.0,300.0,1.602117,1.485614,1.4674,4.997119,4,2026-03-02 16:21:53,2026-03-02 16:57:25,lol-tes-jdg-2026-01-14|lol-tes-we-2026-02-10|lol-tes-we-2026-02-28
0x68a6cc32c1c9aa0ba02a9c7c9fc29a4f5721e96b,lol-wb-tes-2026-03-02,384.294091,-139.798891,-0.363781,2,320.998619,320.998619,31.001381,289.997238,352.0,1.197183,1.197183,1.091745,2.041698,9,2026-03-02 20:54:31,2026-03-02 21:21:37,lol-tes-we-2026-02-10|lol-wb-tes-2026-01-27
